standard_id,standard_number,title,title_normalized,v03_duplicate_status
MSV1-9987B09C822D494D,IS 14990 (Part 5):2026,"Information Security, Cybersecurity and Privacy Protection - Evaluation Criteria for IT Security Part 5: Pre-defined Packages of Security Requirements",information security cybersecurity and privacy protection evaluation criteria for it security part 5 pre defined packages of security requirements,DUPLICATE_NORMALIZED_TITLE_RETAINED
MSV1-E40F4A23845447F6,IS 7762:2026,"Specification for hook, eyelid",specification for hook eyelid,DUPLICATE_NORMALIZED_TITLE_RETAINED
MSV1-7386EA3121FB9D6F,IS 7758:2026,"Specification For Curette, Eye, Evacuation, Moorfield's Pattern",specification for curette eye evacuation moorfield s pattern,DUPLICATE_NORMALIZED_TITLE_RETAINED
MSV1-D1766E239B24555F,IS 7767:2026,"Specification For Spatula, Eye, Cyclodialysis, Sinclair's Pattern",specification for spatula eye cyclodialysis sinclair s pattern,DUPLICATE_NORMALIZED_TITLE_RETAINED
MSV1-8D9A4BF95797A1FF,IS 5722:2026,"Specification For Hook, Eye, Iris (Tyrrell's Pattern)",specification for hook eye iris tyrrell s pattern,DUPLICATE_NORMALIZED_TITLE_RETAINED
MSV1-DE125E7EA48BEF8E,IS 11244:2026,"Specification for trephine, bone lacrimal with handle",specification for trephine bone lacrimal with handle,DUPLICATE_NORMALIZED_TITLE_RETAINED
MSV1-D0D785503AF95DF8,IS 9401 (Part 9):2026,METHOD OF MEASUREMENT OF WORKS IN RIVER VALLEY PROJECTS DAMS AND APPURTENANT STRUCTURES PART 9 LINING,method of measurement of works in river valley projects dams and appurtenant structures part 9 lining,DUPLICATE_NORMALIZED_TITLE_RETAINED
MSV1-796858985E6D0F17,IS 1448 (Part 97):2026,Methods of test for petroleum and its products [p : 97] determination of thermal oxidation stability of gas turbine fuels - Jftot method (First Revision),methods of test for petroleum and its products p 97 determination of thermal oxidation stability of gas turbine fuels jftot method first revision,DUPLICATE_NORMALIZED_TITLE_RETAINED
MSV1-37FA75225AE8727F,IS 1448 (Part 186):2026,Petroleum Products and Related Products Determination of Kinematic Viscosity Method by Stabinger Type Viscometer,petroleum products and related products determination of kinematic viscosity method by stabinger type viscometer,DUPLICATE_NORMALIZED_TITLE_RETAINED
MSV1-3104558A317B4E25,IS 1448 (Part 187):2026,Methods of test for Petroleum and its Products Part 187 Petroleum Products-Determination of Sulfated Ash in Lubricating Oils and Additives,methods of test for petroleum and its products part 187 petroleum products determination of sulfated ash in lubricating oils and additives,DUPLICATE_NORMALIZED_TITLE_RETAINED
MSV1-153679605DA38059,IS 15641 (Part 3):2026,Natural gas - Determination of water by karl fischer method: Part 3 coulometric procedure,natural gas determination of water by karl fischer method part 3 coulometric procedure,DUPLICATE_NORMALIZED_TITLE_RETAINED
MSV1-98F10713CBB670C3,IS 10408:2026,"Specification For Spatula, Eye, Green's Pattern",specification for spatula eye green s pattern,DUPLICATE_NORMALIZED_TITLE_RETAINED
MSV1-505093E07EE2122F,IS 5367:2026,"Specification For Forceps, Eye, Strabismus, For Advancement (Prince's And Worth's Patterns)",specification for forceps eye strabismus for advancement prince s and worth s patterns,DUPLICATE_NORMALIZED_TITLE_RETAINED
MSV1-90CDFE4A1AF562AD,IS 15429:2026,Storage installation and maintenance of DC motors - Code of practice,storage installation and maintenance of dc motors code of practice,DUPLICATE_NORMALIZED_TITLE_RETAINED
MSV1-609E3649D55B265F,IS 1528 (Part 14):2026,Methods of sampling and physical tests for refractory materials: Part 14 determination of sieve analysis (First Revision),methods of sampling and physical tests for refractory materials part 14 determination of sieve analysis first revision,DUPLICATE_NORMALIZED_TITLE_RETAINED
MSV1-C9FCB8F8A6875175,IS 10390:2026,Specification for muscle hook,specification for muscle hook,DUPLICATE_NORMALIZED_TITLE_RETAINED
MSV1-4EF71BCCBEB4E59F,IS 10045:2026,"Specification For Punch, Lacrymal Bone, Beyer's Pattern",specification for punch lacrymal bone beyer s pattern,DUPLICATE_NORMALIZED_TITLE_RETAINED
MSV1-AD01B2F74328DA22,IS 4569 (Part 3):2026,"Specification for scissors, eye: part 3 scissors, tenotomy (Second Revision)",specification for scissors eye part 3 scissors tenotomy second revision,DUPLICATE_NORMALIZED_TITLE_RETAINED
MSV1-B8CC1961535AC336,IS 5157:2026,"Specification for forceps, eye, Iris (First Revision)",specification for forceps eye iris first revision,DUPLICATE_NORMALIZED_TITLE_RETAINED
MSV1-26B20DFEF54275BD,IS 8106:2026,"Specification For Needle Holder, Eye, Kalt's Pattern",specification for needle holder eye kalt s pattern,DUPLICATE_NORMALIZED_TITLE_RETAINED
MSV1-6C9ECDC3A93908F1,IS 19748:2026,Ophthalmic implants - Irrigating solutions for ophthalmic surgery,ophthalmic implants irrigating solutions for ophthalmic surgery,DUPLICATE_NORMALIZED_TITLE_RETAINED
MSV1-16F593CA0A1F31D9,IS 10847:2026,"Specification for Speculum with Screw Adjustment, Eye, Right and Left, Arruga's Pattern",specification for speculum with screw adjustment eye right and left arruga s pattern,DUPLICATE_NORMALIZED_TITLE_RETAINED
MSV1-2EA48FF9DB9F960A,IS 4569 (Part 1):2026,"Specification for scissors, eye: Part 1 corneal (Second Revision)",specification for scissors eye part 1 corneal second revision,DUPLICATE_NORMALIZED_TITLE_RETAINED
MSV1-6AAC44CFBC729748,IS 7786:2026,"Specification For Retractor, Eyelid, Desmarre's Pattern",specification for retractor eyelid desmarre s pattern,DUPLICATE_NORMALIZED_TITLE_RETAINED
MSV1-9E9EBB59DA6FEB57,IS 9688:2026,"Eye surgery instruments - Hooks, strabismus - Specification ( first revision)",eye surgery instruments hooks strabismus specification first revision,DUPLICATE_NORMALIZED_TITLE_RETAINED
MSV1-FE43741F67AB412C,IS 9983:2026,"Specification for wire vectis and lens expressor, eye",specification for wire vectis and lens expressor eye,DUPLICATE_NORMALIZED_TITLE_RETAINED
MSV1-82CFD3AF6105A210,IS 8109:2026,"Specification For Needle Holder, Eye, Castroviejo's Pattern",specification for needle holder eye castroviejo s pattern,DUPLICATE_NORMALIZED_TITLE_RETAINED
MSV1-0E516720044C9685,IS 9329:2026,"Specification For Speculum, Eye, Clark's Pattern (Modified) (First Revision)",specification for speculum eye clark s pattern modified first revision,DUPLICATE_NORMALIZED_TITLE_RETAINED
MSV1-7B1E8F64CC1BBA64,IS 7136:2026,Specification for megaphones,specification for megaphones,DUPLICATE_NORMALIZED_TITLE_RETAINED
MSV1-CFA03221EA7ACD61,IS 7130:2026,"Chlorosulphonic Acid, Technical - Specification",chlorosulphonic acid technical specification,DUPLICATE_NORMALIZED_TITLE_RETAINED
MSV1-68D9C659DB6ABE2C,IS 8325:2026,Specification for nickel formate for nickel catalyst (First Revision),specification for nickel formate for nickel catalyst first revision,DUPLICATE_NORMALIZED_TITLE_RETAINED
MSV1-2A06025DAF3035B1,IS/ISO 15924:2022,Information and documentation - Codes for the representation of names of scripts,information and documentation codes for the representation of names of scripts,DUPLICATE_NORMALIZED_TITLE_RETAINED
MSV1-304251846C388A26,IS 14836 (Part 2):2026,Codes for the representation of names of countries and their subdivisions: Part 2 country subdivision codes,codes for the representation of names of countries and their subdivisions part 2 country subdivision codes,DUPLICATE_NORMALIZED_TITLE_RETAINED
MSV1-E83C4B7DC1C4B39C,IS 14836 (Part 3):2026,Codes for the representation of namesof countries and their subdivisions: Part 3 code for formerly used names of countries,codes for the representation of namesof countries and their subdivisions part 3 code for formerly used names of countries,DUPLICATE_NORMALIZED_TITLE_RETAINED
MSV1-6782EABA3FBFD9F2,IS 16276 (Part 2):2026,Document Management ” Portable Document Format Part 2 PDF 2.0,document management portable document format part 2 pdf 2 0,DUPLICATE_NORMALIZED_TITLE_RETAINED
MSV1-0401D0E66387D769,IS 16602 (Part 3):2026,Information & Documentation- RFID in Libraries Part 3 Fixed Lenth Encoding,information documentation rfid in libraries part 3 fixed lenth encoding,DUPLICATE_NORMALIZED_TITLE_RETAINED
MSV1-77AEE7D11A453A7B,IS 14127:2026,INSOLUBLE AMORPHOUS SULPHUR FOR RUBBER INDUSTRY SPECIFICATION,insoluble amorphous sulphur for rubber industry specification,DUPLICATE_NORMALIZED_TITLE_RETAINED
MSV1-6C6E5E8E75543BBF,IS 14478:2026,"Plain bearings - Thick - Walled bushes, plain and flange type, full - Round (without any joint or slit) - Specification",plain bearings thick walled bushes plain and flange type full round without any joint or slit specification,DUPLICATE_NORMALIZED_TITLE_RETAINED
MSV1-41BF4FB19061CE6C,IS 16602 (Part 1):2026,Information and documentation - RFID in libraries: Part 1 data elements and general guidelines for implementation,information and documentation rfid in libraries part 1 data elements and general guidelines for implementation,DUPLICATE_NORMALIZED_TITLE_RETAINED
MSV1-75088FC4E69D29EC,IS 2265:2026,Specification for galvanized steel wire strand for signaling purposes (First Revision),specification for galvanized steel wire strand for signaling purposes first revision,DUPLICATE_NORMALIZED_TITLE_RETAINED
MSV1-3593FA73A9F41FE8,IS 8181:2026,"Specification for repositor, Iris",specification for repositor iris,DUPLICATE_NORMALIZED_TITLE_RETAINED
MSV1-E8E8A23BAE6E4AB6,IS 16789:2026,Information and documentation - Digital records conversion and migration process,information and documentation digital records conversion and migration process,DUPLICATE_NORMALIZED_TITLE_RETAINED
MSV1-3805B12DAD7CDDD1,IS/ISO 14533 (Part 3):2025,Processes data elements and documents in commerce industry and administration- Long term signature profiles- Part 3: Long term signature profiles for PDF Advanced Electronic Signatures PAdES,processes data elements and documents in commerce industry and administration long term signature profiles part 3 long term signature profiles for pdf advanced electronic signatures pades,DUPLICATE_NORMALIZED_TITLE_RETAINED
MSV1-DF0816327EA1CB88,IS 18474 (Part 4):2026,"Transfusion Equipment for Medical Use Part 4 Transfusion Sets for Single Use, Gravity Feed",transfusion equipment for medical use part 4 transfusion sets for single use gravity feed,DUPLICATE_NORMALIZED_TITLE_RETAINED
MSV1-219DADD8A923DC12,IS 18344 (Part 1):2026,"Washer-Disinfectors Part 1 General Requirements, Terms and Definitions and Tests",washer disinfectors part 1 general requirements terms and definitions and tests,DUPLICATE_NORMALIZED_TITLE_RETAINED
MSV1-E372E13027F75AA4,IS 18344 (Part 3):2026,Washer-Disinfectors Part 3 Requirements and Tests for Washer-Disinfectors Employing Thermal Disinfection for Human Waste Containers,washer disinfectors part 3 requirements and tests for washer disinfectors employing thermal disinfection for human waste containers,DUPLICATE_NORMALIZED_TITLE_RETAINED
MSV1-DE3C320AE33C5413,IS 4569 (Part 4):2026,"Specification For Scissors, Eye Part 4 Scissors,Enucleation (Second Revision)",specification for scissors eye part 4 scissors enucleation second revision,DUPLICATE_NORMALIZED_TITLE_RETAINED
MSV1-D05552B7EA0BA204,IS 4569 (Part 6):2026,"Specification For Scissors, Eye Part 6 Scissors, Iris (Second Revision)",specification for scissors eye part 6 scissors iris second revision,DUPLICATE_NORMALIZED_TITLE_RETAINED
MSV1-4D48634A12E63B0C,IS 4090:2026,Criteria for the design of reinforced concrete arches,criteria for the design of reinforced concrete arches,DUPLICATE_NORMALIZED_TITLE_RETAINED
MSV1-7F63E636430637A7,SP 74:2025,REVISED STATE OF THE ART OF METRIC SYSTEM IN INDIA (An update to the SP4 : 1969 Metric Change in India),revised state of the art of metric system in india an update to the sp4 1969 metric change in india,DUPLICATE_NORMALIZED_TITLE_RETAINED
MSV1-D6A739A02EDD5036,IS 13980:2025,ACCEPTANCE TESTS ON INDUSTRIAL BOILERS CODE OF PRACTICE,acceptance tests on industrial boilers code of practice,DUPLICATE_NORMALIZED_TITLE_RETAINED
MSV1-D15DB33D1A3EAA7D,IS 16180 (Part 13):2025,Fibre optic connector interfaces Part 13: Type FC-PC connector First Revision,fibre optic connector interfaces part 13 type fc pc connector first revision,DUPLICATE_NORMALIZED_TITLE_RETAINED
MSV1-42EA67BFC231EA60,IS/IEC 61400 (Part 29):2023,Wind Energy Generation Systems Part 29 Marking and Lighting of Wind Turbines,wind energy generation systems part 29 marking and lighting of wind turbines,DUPLICATE_NORMALIZED_TITLE_RETAINED
MSV1-4782A781A44A7EBD,IS 9873 (Part 1):2025,SAFETY OF TOYS PART 1: SAFETY ASPECTS RELATED TO MECHANICAL AND PHYSICAL PROPERTIES (Fifth Revision),safety of toys part 1 safety aspects related to mechanical and physical properties fifth revision,DUPLICATE_NORMALIZED_TITLE_RETAINED
MSV1-869FF77DFAA34321,IS 9873 (Part 6):2025,SAFETY OF TOYS PART 6 CERTAIN PHTHALATE ESTERS (Second Revision ),safety of toys part 6 certain phthalate esters second revision,DUPLICATE_NORMALIZED_TITLE_RETAINED
MSV1-675D40D5E67B0869,IS/IEC TS 61400 (Part 29):2023,Wind energy generation systems Part 29: Marking and lighting of wind turbines,wind energy generation systems part 29 marking and lighting of wind turbines,DUPLICATE_NORMALIZED_TITLE_RETAINED
MSV1-E141BC5B82BA745D,IS 19329 (Part 4):2025,Prefilled Syringes Part 4 Glass Barrels for Injectables and Sterilized Subassembled Syringes Ready for Filling,prefilled syringes part 4 glass barrels for injectables and sterilized subassembled syringes ready for filling,DUPLICATE_NORMALIZED_TITLE_RETAINED
MSV1-3C752E694AB54BBE,IS 18881 (Part 1):2025,Aseptic Processing of Health Care Products Part 1 General Requirements,aseptic processing of health care products part 1 general requirements,DUPLICATE_NORMALIZED_TITLE_RETAINED
MSV1-E3171F4AA43D63C3,SP 4:2025,Revised State of the Art of Metric System in India (An update to the SP4 : 1969 Metric change in India),revised state of the art of metric system in india an update to the sp4 1969 metric change in india,DUPLICATE_NORMALIZED_TITLE_RETAINED
MSV1-146D0B5543C3EC22,IS 19185:2025,Tools for pressing - Sliding plates,tools for pressing sliding plates,DUPLICATE_NORMALIZED_TITLE_RETAINED
MSV1-02FCBCCA03862E8E,IS 18696:2024,Anaesthetic and Respiratory Equipment- Oropharyngeal Airways,anaesthetic and respiratory equipment oropharyngeal airways,DUPLICATE_NORMALIZED_TITLE_RETAINED
MSV1-CF4E1590BB1890E9,IS 14990 (Part 5):2024,"Information Security, Cybersecurity and Privacy Protection - Evaluation Criteria for IT Security Part 5: Pre-defined Packages of Security Requirements",information security cybersecurity and privacy protection evaluation criteria for it security part 5 pre defined packages of security requirements,DUPLICATE_NORMALIZED_TITLE_RETAINED
MSV1-5491C276F0D7B9EA,IS 13834 (Part 2):2023,Cranes - Classification Part 2 Mobile Cranes (First Revision),cranes classification part 2 mobile cranes first revision,DUPLICATE_NORMALIZED_TITLE_RETAINED
MSV1-EFE2173FFE5A19D2,IS 18375 (Part 1):2023,Medical Suction Equipment Part 1 Electrically Powered Suction Equipment,medical suction equipment part 1 electrically powered suction equipment,DUPLICATE_NORMALIZED_TITLE_RETAINED
MSV1-64BDC07C869CC4C6,IS 18339:2023,SPACE SYSTEMS PROGRAMME MANAGEMENT PROJECT ORGANIZATION,space systems programme management project organization,DUPLICATE_NORMALIZED_TITLE_RETAINED
MSV1-904221444FADF2F9,IS 15586:2022,Securities and related financial instruments- Classification of financial instruments CFI code (Third Revision),securities and related financial instruments classification of financial instruments cfi code third revision,DUPLICATE_NORMALIZED_TITLE_RETAINED
MSV1-0E9CC80AA6902BA6,IS 15586:2021,Securities and related financial instruments- Classification of financial instruments CFI code (Third Revision),securities and related financial instruments classification of financial instruments cfi code third revision,DUPLICATE_NORMALIZED_TITLE_RETAINED
MSV1-CF08201B76026BBE,IS 13450 (Part 2/Sec 35):2023,Medical Electrical Equipment Part 2 Particular Requirements for the Basic Safety and Essential Performance Section 35 Heating devices using blankets pads or mattresses and intended for heating in medical use,medical electrical equipment part 2 particular requirements for the basic safety and essential performance section 35 heating devices using blankets pads or mattresses and intended for heating in medical use,DUPLICATE_NORMALIZED_TITLE_RETAINED
MSV1-A5D3550C6BF8B082,IS/ISO 13408 (Part 1):2008,Aseptic processing of health care products Part 1 General requirements,aseptic processing of health care products part 1 general requirements,DUPLICATE_NORMALIZED_TITLE_RETAINED
MSV1-8AD9FBF67A083746,IS 9317:2022,SKIS VOCABULARY,skis vocabulary,DUPLICATE_NORMALIZED_TITLE_RETAINED
MSV1-C2D91E8A782D4CC4,IS/ISO 4301 (Part 2):2022,Cranes Classification Part 2 Mobile Cranes (First Revision),cranes classification part 2 mobile cranes first revision,DUPLICATE_NORMALIZED_TITLE_RETAINED
MSV1-97085C279BDC22FF,IS 1448 (Part 186):2021,Petroleum Products and Related Products Determination of Kinematic Viscosity Method by Stabinger Type Viscometer,petroleum products and related products determination of kinematic viscosity method by stabinger type viscometer,DUPLICATE_NORMALIZED_TITLE_RETAINED
MSV1-DAB81132A37570EC,IS/ISO 14533 (Part 3):2017,Processes data elements and documents in commerce industry and administration- Long term signature profiles- Part 3: Long term signature profiles for PDF Advanced Electronic Signatures PAdES,processes data elements and documents in commerce industry and administration long term signature profiles part 3 long term signature profiles for pdf advanced electronic signatures pades,DUPLICATE_NORMALIZED_TITLE_RETAINED
MSV1-F00D0C3DB033508F,IS 1448 (Part 187):2021,Methods of test for Petroleum and its Products Part 187 Petroleum Products-Determination of Sulfated Ash in Lubricating Oils and Additives,methods of test for petroleum and its products part 187 petroleum products determination of sulfated ash in lubricating oils and additives,DUPLICATE_NORMALIZED_TITLE_RETAINED
MSV1-B174B158F37295FE,IS 9873 (Part 6):2021,SAFETY OF TOYS PART 6 CERTAIN PHTHALATE ESTERS (Second Revision ),safety of toys part 6 certain phthalate esters second revision,DUPLICATE_NORMALIZED_TITLE_RETAINED
MSV1-238B9DBBEBC29A75,IS/ISO 12619 (Part 1):2014,Road Vehicles Compressed Gaseous Hydrogen CGH2 And Hydrogen Natural Gas Blend Fuel System Components Part 1: General Requirements And Definitions,road vehicles compressed gaseous hydrogen cgh2 and hydrogen natural gas blend fuel system components part 1 general requirements and definitions,DUPLICATE_NORMALIZED_TITLE_RETAINED
MSV1-8F9717D205BE4E52,IS/ISO 12619 (Part 16):2017,Road Vehicles Compressed Gaseous Hydrogen CGH2 And Hydrogen Natural Gas Blend Fuel System Components Part 1: General Requirements And Definitions,road vehicles compressed gaseous hydrogen cgh2 and hydrogen natural gas blend fuel system components part 1 general requirements and definitions,DUPLICATE_NORMALIZED_TITLE_RETAINED
MSV1-5B1EA1C402E46A29,IS/ISO 11040 (Part 4):2015,Prefilled syringes Part 4 Glass barrels for injectables and sterilized subassembled syringes ready for filling,prefilled syringes part 4 glass barrels for injectables and sterilized subassembled syringes ready for filling,DUPLICATE_NORMALIZED_TITLE_RETAINED
MSV1-4C932F71F56EA4BD,IS 17467 (Part 3):2020,Protective Clothing - Test Methods for Clothing Providing Protection against Chemicals Part 4 Determination of Resistance to Penetration by a Spray of Liquid ( Spray Test ),protective clothing test methods for clothing providing protection against chemicals part 4 determination of resistance to penetration by a spray of liquid spray test,DUPLICATE_NORMALIZED_TITLE_RETAINED
MSV1-BCDD66FD199682C1,IS 17467 (Part 4):2020,Protective Clothing - Test Methods for Clothing Providing Protection against Chemicals Part 4 Determination of Resistance to Penetration by a Spray of Liquid ( Spray Test ),protective clothing test methods for clothing providing protection against chemicals part 4 determination of resistance to penetration by a spray of liquid spray test,DUPLICATE_NORMALIZED_TITLE_RETAINED
MSV1-7D7BF9E08C2FC689,IS/IEC 61196 (Part 6/Sec 4):2020,Coaxial Communication Cables Part 6 CATV Drop Cables Section 4 Detail specification for 75-7 type cables,coaxial communication cables part 6 catv drop cables section 4 detail specification for 75 7 type cables,DUPLICATE_NORMALIZED_TITLE_RETAINED
MSV1-D5E7CAEC37E0BA63,IS/IEC 611196 (Part 6/Sec 4):2020,Coaxial Communication Cables Part 6 CATV Drop Cables Section 4 Detail specification for 75-7 type cables,coaxial communication cables part 6 catv drop cables section 4 detail specification for 75 7 type cables,DUPLICATE_NORMALIZED_TITLE_RETAINED
MSV1-D99C2EC5271E9BCE,IS/IEC 80601 (Part 2/Sec 35):2009,"Medical Electrical Equipment Part 2 Particular Requirements for the Basic Safety and Essential Performance Section 35 Heating devices using blankets, pads or mattresses and intended for heating in medical use",medical electrical equipment part 2 particular requirements for the basic safety and essential performance section 35 heating devices using blankets pads or mattresses and intended for heating in medical use,DUPLICATE_NORMALIZED_TITLE_RETAINED
MSV1-409B8B539F8BD5DE,IS/IEC 60096 (Part 0/Sec 1):2017,Radio Frequency Cables Part 0 Guidelines to the Design of Detail Specifications Section 1 Coaxial cables,radio frequency cables part 0 guidelines to the design of detail specifications section 1 coaxial cables,DUPLICATE_NORMALIZED_TITLE_RETAINED
MSV1-72F43B9D5615FA89,IS/ISO 11893:2011,Space Systems — Programme Management — Project Organization,space systems programme management project organization,DUPLICATE_NORMALIZED_TITLE_RETAINED
MSV1-1D4306A00CBC72EE,IS 16276 (Part 2):2020,Document Management — Portable Document Format Part 2 PDF 2.0,document management portable document format part 2 pdf 2 0,DUPLICATE_NORMALIZED_TITLE_RETAINED
MSV1-F32B6DB333A037F5,IS/ISO 17745:2016,Steel Wire Ring Net Panels — Definitions and Specifications,steel wire ring net panels definitions and specifications,DUPLICATE_NORMALIZED_TITLE_RETAINED
MSV1-6843FC4FFFB1C04D,IS/ISO 17746:2016,Steel Wire Ring Net Panels — Definitions and Specifications,steel wire ring net panels definitions and specifications,DUPLICATE_NORMALIZED_TITLE_RETAINED
MSV1-29AA120B6B4A2944,IS/ISO 19014 (Part 1):2018,Earth-Moving Machinery - Functional Safety Part 1 Methodology to Determine Safety-related Parts of the Control System and Performance Requirements,earth moving machinery functional safety part 1 methodology to determine safety related parts of the control system and performance requirements,DUPLICATE_NORMALIZED_TITLE_RETAINED
MSV1-02A01960382F416E,IS/ISO 19104 (Part 1):2018,Earth-Moving Machinery - Functional Safety Part 1 Methodology to Determine Safety-related Parts of the Control System and Performance Requirements,earth moving machinery functional safety part 1 methodology to determine safety related parts of the control system and performance requirements,DUPLICATE_NORMALIZED_TITLE_RETAINED
MSV1-A899A2DFA4CF4E13,IS/ISO 1135 (Part 4):2015,"Transfusion Equipment for Medical Use Part 4 Transfusion Sets for Single use, Gravity Feed",transfusion equipment for medical use part 4 transfusion sets for single use gravity feed,DUPLICATE_NORMALIZED_TITLE_RETAINED
MSV1-41CB32C05D121792,IS 17189:2019,Traceability of Crustacean Products — Specifications on the Information to be Recorded in Captured Crustacean Distribution Chains,traceability of crustacean products specifications on the information to be recorded in captured crustacean distribution chains,DUPLICATE_NORMALIZED_TITLE_RETAINED
MSV1-A3566BCCCE743277,IS 17187:2019,Traceability of crustacean products - Specifications on the information to be recorded in captured crustacean distribution chains,traceability of crustacean products specifications on the information to be recorded in captured crustacean distribution chains,DUPLICATE_NORMALIZED_TITLE_RETAINED
MSV1-42CEAEEC145111C2,IS 9873 (Part 1):2019,SAFETY OF TOYS PART 1: SAFETY ASPECTS RELATED TO MECHANICAL AND PHYSICAL PROPERTIES (Fifth Revision),safety of toys part 1 safety aspects related to mechanical and physical properties fifth revision,DUPLICATE_NORMALIZED_TITLE_RETAINED
MSV1-9471DA8CB4B15DAD,IS/ISO 15924:2004,Information and documentation - Codes for the representation of names of scripts,information and documentation codes for the representation of names of scripts,DUPLICATE_NORMALIZED_TITLE_RETAINED
MSV1-5F3ED20F4F98A7DF,IS/ISO 15883 (Part 3):2006,Washer - Disinfectors: Part 3 requirements and tests for washer - Disinfectors employing thermal disinfection for human waste containers,washer disinfectors part 3 requirements and tests for washer disinfectors employing thermal disinfection for human waste containers,DUPLICATE_NORMALIZED_TITLE_RETAINED
MSV1-37D5A173967B1DBB,IS 6887 (Part 2):2018,Dentistry — Base Polymers Part 2 Orthodontic Base Polymers ( First Revision ),dentistry base polymers part 2 orthodontic base polymers first revision,DUPLICATE_NORMALIZED_TITLE_RETAINED
MSV1-69A536CB307AFAD1,IS 14836 (Part 2):2018,Codes for the representation of names of countries and their subdivisions: Part 2 country subdivision codes,codes for the representation of names of countries and their subdivisions part 2 country subdivision codes,DUPLICATE_NORMALIZED_TITLE_RETAINED
MSV1-2BC291300F2EF4BD,IS 16180 (Part 13):2018,Fibre optic connector interfaces Part 13: Type FC-PC connector First Revision,fibre optic connector interfaces part 13 type fc pc connector first revision,DUPLICATE_NORMALIZED_TITLE_RETAINED
MSV1-8E80D9F5540F8CBE,IS/IEC/TS 62556:2014,Ultrasonics - Field characterization - Specification and measurement of field parameters for high intensity therapeutic ultrasound (HITU) transducers and systems,ultrasonics field characterization specification and measurement of field parameters for high intensity therapeutic ultrasound hitu transducers and systems,DUPLICATE_NORMALIZED_TITLE_RETAINED
MSV1-6DE9D8CDE14A57B4,IS 14836 (Part 3):2018,Codes for the representation of namesof countries and their subdivisions: Part 3 code for formerly used names of countries,codes for the representation of namesof countries and their subdivisions part 3 code for formerly used names of countries,DUPLICATE_NORMALIZED_TITLE_RETAINED
MSV1-8C71F71574D2DED0,IS/ISO 16671:2015,Ophthalmic implants - Irrigating solutions for ophthalmic surgery,ophthalmic implants irrigating solutions for ophthalmic surgery,DUPLICATE_NORMALIZED_TITLE_RETAINED
MSV1-19C4649763F12E79,IS 16789:2018,Information and documentation - Digital records conversion and migration process,information and documentation digital records conversion and migration process,DUPLICATE_NORMALIZED_TITLE_RETAINED
MSV1-EC9918713E6C04F4,IS 16727:2018,Tools for Pressing — Sliding Plates,tools for pressing sliding plates,DUPLICATE_NORMALIZED_TITLE_RETAINED
MSV1-B593C6DE383F1BDE,IS 1448 (Part 157):2018,Methods of test for petroleum and its products [ p : 157 ] rust protections by metal preservatives in the humidity cabinet,methods of test for petroleum and its products p 157 rust protections by metal preservatives in the humidity cabinet,DUPLICATE_NORMALIZED_TITLE_RETAINED
MSV1-0F71B6F49FE7A4E2,IS 16762:2018,Skis - Vocabulary,skis vocabulary,DUPLICATE_NORMALIZED_TITLE_RETAINED
MSV1-7AE52CD0711A532C,IS/ISO 15883 (Part 1):2006,"Washer - Disinfectors: Part 1 general requirements, terms and definitions and tests",washer disinfectors part 1 general requirements terms and definitions and tests,DUPLICATE_NORMALIZED_TITLE_RETAINED
MSV1-38FEB4AAC4A0C2F7,IS 16602 (Part 1):2018,Information and documentation - RFID in libraries: Part 1 data elements and general guidelines for implementation,information and documentation rfid in libraries part 1 data elements and general guidelines for implementation,DUPLICATE_NORMALIZED_TITLE_RETAINED
MSV1-D83F79B3AAD550FF,IS 16602 (Part 3):2017,Information & Documentation- RFID in Libraries Part 3 Fixed Lenth Encoding,information documentation rfid in libraries part 3 fixed lenth encoding,DUPLICATE_NORMALIZED_TITLE_RETAINED
MSV1-82B3520398EB826E,IS/ISO 2162 (Part 2):1993,Technical product documentation - Springs: Part 2 presentation of data for cylindrical helical compression springs,technical product documentation springs part 2 presentation of data for cylindrical helical compression springs,DUPLICATE_NORMALIZED_TITLE_RETAINED
MSV1-46AB05A57D5246C7,IS 10735:2017,Information technology - Data communication - 15 - Pole DTE/DCE interface connector and contact number assignments (First Revision),information technology data communication 15 pole dte dce interface connector and contact number assignments first revision,DUPLICATE_NORMALIZED_TITLE_RETAINED
MSV1-65644F2988E1370E,IS 10737:2017,Information technology - Data communication - 15 - Pole DTE/DCE interface connector and contact number assignments (First Revision),information technology data communication 15 pole dte dce interface connector and contact number assignments first revision,DUPLICATE_NORMALIZED_TITLE_RETAINED
MSV1-42A6859754008072,IS 3961 (Part 6):2016,Recommended Current Ratings for Cables Part 6 Crosslinked Polyethylene Insulated PVC Sheathed Cables,recommended current ratings for cables part 6 crosslinked polyethylene insulated pvc sheathed cables,DUPLICATE_NORMALIZED_TITLE_RETAINED
MSV1-DDFB121518097418,IS 1448 (Part 97):2015,Methods of test for petroleum and its products [p : 97] determination of thermal oxidation stability of gas turbine fuels - Jftot method (First Revision),methods of test for petroleum and its products p 97 determination of thermal oxidation stability of gas turbine fuels jftot method first revision,DUPLICATE_NORMALIZED_TITLE_RETAINED
MSV1-FCFA66DD4A22EC9F,IS/ISO 5364:2008,Anaesthetic and respiratory equipment - Oropharyngeal airways,anaesthetic and respiratory equipment oropharyngeal airways,DUPLICATE_NORMALIZED_TITLE_RETAINED
MSV1-2A0B5E10C3C9F83B,IS/ISO 14051:2011,Environmental management - Life cycle assessment - Requirements and guidelines,environmental management life cycle assessment requirements and guidelines,DUPLICATE_NORMALIZED_TITLE_RETAINED
MSV1-F0A643BA05C9F745,IS 16130:2014,"Thermoplastics Materials for Pipes and Fittings for Pressure Applications - Classification, Designation and Design Coefficient",thermoplastics materials for pipes and fittings for pressure applications classification designation and design coefficient,DUPLICATE_NORMALIZED_TITLE_RETAINED
MSV1-CAA06581E08C5289,IS 16140:2014,"Thermoplastics materials for pipes and fittings for pressure applications - Classification, designation and design coefficient",thermoplastics materials for pipes and fittings for pressure applications classification designation and design coefficient,DUPLICATE_NORMALIZED_TITLE_RETAINED
MSV1-9E447F0725EA82B7,IS 949:2012,Specification for snatch block for use with fibre rope for fire brigade use (First Revision),specification for snatch block for use with fibre rope for fire brigade use first revision,DUPLICATE_NORMALIZED_TITLE_RETAINED
MSV1-990DA2827C9C9F38,IS/ISO 14044:2006,Environmental management — Life cycle assessment — Requirements and guidelines,environmental management life cycle assessment requirements and guidelines,DUPLICATE_NORMALIZED_TITLE_RETAINED
MSV1-A8CACCD5EB7D5845,IS 15641 (Part 3):2007,Natural gas - Determination of water by karl fischer method: Part 3 coulometric procedure,natural gas determination of water by karl fischer method part 3 coulometric procedure,DUPLICATE_NORMALIZED_TITLE_RETAINED
MSV1-0109C0FE3D20FC28,IS 15665:2006,Gas turbines - Vocabulary,gas turbines vocabulary,DUPLICATE_NORMALIZED_TITLE_RETAINED
MSV1-9879724F4B7D2FC9,IS 15429:2004,"Storage, installation and maintenance of DC motors - Code of practice",storage installation and maintenance of dc motors code of practice,DUPLICATE_NORMALIZED_TITLE_RETAINED
MSV1-16BFB9D98EE3CEBB,IS 14751:1999,Gas turbines - Vocabulary,gas turbines vocabulary,DUPLICATE_NORMALIZED_TITLE_RETAINED
MSV1-CA23E5EB1BE6CA22,IS 10716 (Part 2):1999,Technical product documentation -- Springs: Part 2 Presentation of data for cylindrical helical compression springs,technical product documentation springs part 2 presentation of data for cylindrical helical compression springs,DUPLICATE_NORMALIZED_TITLE_RETAINED
MSV1-CC3B8CB7480BE74A,IS 14621:1998,Determination of dielectric constant of wood under microwave frequencies - Method of test,determination of dielectric constant of wood under microwave frequencies method of test,DUPLICATE_NORMALIZED_TITLE_RETAINED
MSV1-91F6FE0A5E6FE198,IS 14478:1997,"Plain bearings - Thick - Walled bushes, plain and flange type, full - Round (without any joint or slit) - Specification",plain bearings thick walled bushes plain and flange type full round without any joint or slit specification,DUPLICATE_NORMALIZED_TITLE_RETAINED
MSV1-69377FFAE68877A6,IS 13980:1995,ACCEPTANCE TESTS ON INDUSTRIAL BOILERS CODE OF PRACTICE,acceptance tests on industrial boilers code of practice,DUPLICATE_NORMALIZED_TITLE_RETAINED
MSV1-3D20EA494018C113,IS 14127:1995,Insoluble(Amorphous) sulphur for rubber industry - Specification,insoluble amorphous sulphur for rubber industry specification,DUPLICATE_NORMALIZED_TITLE_RETAINED
MSV1-5B0F0D8735BCF9FB,IS 7130:1994,"Chlorosulphonic acid,technical - Specification",chlorosulphonic acid technical specification,DUPLICATE_NORMALIZED_TITLE_RETAINED
MSV1-067941BFCFD866E2,IS 852:1994,Specification for synthetic resin adhesives for construction work (Non - Structural) in wood (First Revision),specification for synthetic resin adhesives for construction work non structural in wood first revision,DUPLICATE_NORMALIZED_TITLE_RETAINED
MSV1-41C1ED7AF7E96D41,IS 13674 (Part 2):1993,Dimensions of ferrite components for CTV: Part 2 cores for line output transformers,dimensions of ferrite components for ctv part 2 cores for line output transformers,DUPLICATE_NORMALIZED_TITLE_RETAINED
MSV1-BCEF7339F2C33B6A,IS 13901 (Part 2):1993,Dimensions of Ferrite Components for Ctv: Part 2 Cores for Line Output Transformers,dimensions of ferrite components for ctv part 2 cores for line output transformers,DUPLICATE_NORMALIZED_TITLE_RETAINED
MSV1-714ACBF07F193293,IS 13621:1993,Determination of Dielectric Constant of Wood Under Microwave Frequencies- Method of Test,determination of dielectric constant of wood under microwave frequencies method of test,DUPLICATE_NORMALIZED_TITLE_RETAINED
MSV1-8FAF16566F7DBD51,IS 9688:1992,"Eye surgery instruments - Hooks, strabismus - Specification ( first revision)",eye surgery instruments hooks strabismus specification first revision,DUPLICATE_NORMALIZED_TITLE_RETAINED
MSV1-3430231B64F51E9B,IS 12689:1989,Small tools -- Subland twist drills with morse taper shank for clearance holes and counterbores for slotted cheese head screws -- Specification,small tools subland twist drills with morse taper shank for clearance holes and counterbores for slotted cheese head screws specification,DUPLICATE_NORMALIZED_TITLE_RETAINED
MSV1-43DA30AD6400470F,IS 12690:1989,Small Tools -- Subland twist drills with morse taper shank for clearance holes and counterbores for slotted cheese head screws -- Specification,small tools subland twist drills with morse taper shank for clearance holes and counterbores for slotted cheese head screws specification,DUPLICATE_NORMALIZED_TITLE_RETAINED
MSV1-77DE49F8C7DA91A2,IS 12538:1989,Small tools -- Shank type gear shaper cutter -- Specification,small tools shank type gear shaper cutter specification,DUPLICATE_NORMALIZED_TITLE_RETAINED
MSV1-764A70A77ABFAC41,IS 12537:1989,Small tools -- Shank type gear shaper cutter -- Specification,small tools shank type gear shaper cutter specification,DUPLICATE_NORMALIZED_TITLE_RETAINED
MSV1-4188478C5D6178BD,IS 12412:1988,Specification for screw driver bits for the use with ratchet screw drivers: Part 2 for cross recessed head screws,specification for screw driver bits for the use with ratchet screw drivers part 2 for cross recessed head screws,DUPLICATE_NORMALIZED_TITLE_RETAINED
MSV1-50A3A11A04ED7169,IS 9401 (Part 9):1987,Method of measurement of works in river valley projects (Dams And Appurtenant Structures): Part 9 lining,method of measurement of works in river valley projects dams and appurtenant structures part 9 lining,DUPLICATE_NORMALIZED_TITLE_RETAINED
MSV1-A81DA224AD42BCD1,IS 11872 (Part 1 and 2):1987,Specification for rollers for drawing and spinning frames in jute mill,specification for rollers for drawing and spinning frames in jute mill,DUPLICATE_NORMALIZED_TITLE_RETAINED
MSV1-4449FB7FA19172E0,IS 12168 (Part 2):1987,Specification for screw driver bits for the use with ratchet screw drivers: Part 2 for cross recessed head screws,specification for screw driver bits for the use with ratchet screw drivers part 2 for cross recessed head screws,DUPLICATE_NORMALIZED_TITLE_RETAINED
MSV1-18DE46A7C8990A8C,IS 9329:1987,"Specification For Speculum, Eye, Clark's Pattern (Modified) (First Revision)",specification for speculum eye clark s pattern modified first revision,DUPLICATE_NORMALIZED_TITLE_RETAINED
MSV1-829FF0B0ABD2A61C,IS 4569 (Part 6):1985,"Specification For Scissors, Eye Part 6 Scissors, Iris (Second Revision)",specification for scissors eye part 6 scissors iris second revision,DUPLICATE_NORMALIZED_TITLE_RETAINED
MSV1-B2D8EAE600CDD162,IS 4569 (Part 3):1985,"Specification for scissors, eye: part 3 scissors, tenotomy (Second Revision)",specification for scissors eye part 3 scissors tenotomy second revision,DUPLICATE_NORMALIZED_TITLE_RETAINED
MSV1-31C402909E202D95,IS 4569 (Part 4):1985,"Specification For Scissors, Eye Part 4 Scissors,Enucleation (Second Revision)",specification for scissors eye part 4 scissors enucleation second revision,DUPLICATE_NORMALIZED_TITLE_RETAINED
MSV1-BEEF8AEA05F532A1,IS 4569 (Part 1):1985,"Specification for scissors, eye: Part 1 corneal (Second Revision)",specification for scissors eye part 1 corneal second revision,DUPLICATE_NORMALIZED_TITLE_RETAINED
MSV1-E0D53DDC52FD9C7B,IS 11244:1985,"Specification for trephine, bone lacrimal with handle",specification for trephine bone lacrimal with handle,DUPLICATE_NORMALIZED_TITLE_RETAINED
MSV1-8940AE04CC338A2E,SP 1650 Supplement:1973,Standard colours for building and decorative finishes,standard colours for building and decorative finishes,DUPLICATE_NORMALIZED_TITLE_RETAINED
MSV1-CA084FB49FF50331,IS 10847:1984,"Specification for Speculum with Screw Adjustment, Eye, Right and Left, Arruga's Pattern",specification for speculum with screw adjustment eye right and left arruga s pattern,DUPLICATE_NORMALIZED_TITLE_RETAINED
MSV1-EFC5A024A3A826DD,IS 8325:1983,Specification for nickel formate for nickel catalyst (First Revision),specification for nickel formate for nickel catalyst first revision,DUPLICATE_NORMALIZED_TITLE_RETAINED
MSV1-A4256A940002A0D6,IS 10390:1983,Specification for muscle hook,specification for muscle hook,DUPLICATE_NORMALIZED_TITLE_RETAINED
MSV1-ADE4CFA943F1543C,IS 10408:1983,"Specification For Spatula, Eye, Green's Pattern",specification for spatula eye green s pattern,DUPLICATE_NORMALIZED_TITLE_RETAINED
MSV1-85960E7237256DCC,IS 10045:1981,"Specification For Punch, Lacrymal Bone, Beyer's Pattern",specification for punch lacrymal bone beyer s pattern,DUPLICATE_NORMALIZED_TITLE_RETAINED
MSV1-BCAFD97EC1CA29F1,IS 5157:1981,"Specification for forceps, eye, Iris (First Revision)",specification for forceps eye iris first revision,DUPLICATE_NORMALIZED_TITLE_RETAINED
MSV1-7A557937D19135D6,IS 9983:1981,"Specification for wire vectis and lens expressor, eye",specification for wire vectis and lens expressor eye,DUPLICATE_NORMALIZED_TITLE_RETAINED
MSV1-4E7E5641154B372A,IS 851:1978,Specification for synthetic resin adhesives for construction work (Non - Structural) in wood (First Revision),specification for synthetic resin adhesives for construction work non structural in wood first revision,DUPLICATE_NORMALIZED_TITLE_RETAINED
MSV1-F33AB6397E6F3D9C,IS 939:1977,Specification for Snatch Block for Use with Fibre Rope for Fire Brigade Use (First Revision),specification for snatch block for use with fibre rope for fire brigade use first revision,DUPLICATE_NORMALIZED_TITLE_RETAINED
MSV1-848BCA5EBCF3C740,IS 8181:1976,"Specification for repositor, Iris",specification for repositor iris,DUPLICATE_NORMALIZED_TITLE_RETAINED
MSV1-086BB6BAF89C2164,IS 8106:1976,"Specification For Needle Holder, Eye, Kalt's Pattern",specification for needle holder eye kalt s pattern,DUPLICATE_NORMALIZED_TITLE_RETAINED
MSV1-A6C5A3D8A7CE75FD,IS 8109:1976,"Specification For Needle Holder, Eye, Castroviejo's Pattern",specification for needle holder eye castroviejo s pattern,DUPLICATE_NORMALIZED_TITLE_RETAINED
MSV1-8F79497D0E9B5928,IS 7786:1975,"Specification For Retractor, Eyelid, Desmarre's Pattern",specification for retractor eyelid desmarre s pattern,DUPLICATE_NORMALIZED_TITLE_RETAINED
MSV1-44EAFD2FACCE4715,IS 7758:1975,"Specification For Curette, Eye, Evacuation, Moorfield's Pattern",specification for curette eye evacuation moorfield s pattern,DUPLICATE_NORMALIZED_TITLE_RETAINED
MSV1-E17AC73B653F53A2,IS 7767:1975,"Specification For Spatula, Eye, Cyclodialysis, Sinclair's Pattern",specification for spatula eye cyclodialysis sinclair s pattern,DUPLICATE_NORMALIZED_TITLE_RETAINED
MSV1-C6CDD491F1C873FF,IS 1528 (Part 14):1974,Methods of sampling and physical tests for refractory materials: Part 14 determination of sieve analysis (First Revision),methods of sampling and physical tests for refractory materials part 14 determination of sieve analysis first revision,DUPLICATE_NORMALIZED_TITLE_RETAINED
MSV1-EA937B05AD00F626,IS 7136:1973,Specification for Megaphones,specification for megaphones,DUPLICATE_NORMALIZED_TITLE_RETAINED
MSV1-72FD03B85AD17AE4,SP 1650:1973,Standard colours for building and decorative finishes,standard colours for building and decorative finishes,DUPLICATE_NORMALIZED_TITLE_RETAINED
MSV1-2FAE3EC6106DF8A3,IS 5722:1970,"Specification For Hook, Eye, Iris (Tyrrell's Pattern)",specification for hook eye iris tyrrell s pattern,DUPLICATE_NORMALIZED_TITLE_RETAINED
MSV1-A9E58D8E28548965,IS 5367:1969,"Specification For Forceps, Eye, Strabismus, For Advancement (Prince's And Worth's Patterns)",specification for forceps eye strabismus for advancement prince s and worth s patterns,DUPLICATE_NORMALIZED_TITLE_RETAINED
MSV1-BB79F9FFC3985E11,IS 4090:1967,Criteria for the design of reinforced concrete arches,criteria for the design of reinforced concrete arches,DUPLICATE_NORMALIZED_TITLE_RETAINED
MSV1-5ADDC1E1572A9C78,IS 2265:2009,Specification for galvanized steel wire strand for signaling purposes (First Revision),specification for galvanized steel wire strand for signaling purposes first revision,DUPLICATE_NORMALIZED_TITLE_RETAINED
MSV1-5780B23400E0FB50,IS 7762:1975,"Specification for hook, eyelid",specification for hook eyelid,DUPLICATE_NORMALIZED_TITLE_RETAINED
MSV1-AEE12AF451403D63,IS 11872 (Part 2):1987,Specification for rollers for drawing and spinning frames in jute mill,specification for rollers for drawing and spinning frames in jute mill,DUPLICATE_NORMALIZED_TITLE_RETAINED
MSV1-7B412A3FE5333A1B,IS 3961:2016,Recommended Current Ratings for Cables Part 6 Crosslinked Polyethylene Insulated PVC Sheathed Cables,recommended current ratings for cables part 6 crosslinked polyethylene insulated pvc sheathed cables,DUPLICATE_NORMALIZED_TITLE_RETAINED
MSV1-3725B5948BBFFE51,IS 1488 (Part 157):2018,Methods of test for petroleum and its products [ p : 157 ] rust protections by metal preservatives in the humidity cabinet,methods of test for petroleum and its products p 157 rust protections by metal preservatives in the humidity cabinet,DUPLICATE_NORMALIZED_TITLE_RETAINED
MSV1-C9669903A12414DC,IS/IEC/TS 62566:2014,Ultrasonics — Field Characterization — Specification and Measurement of Field Parameters for High Intensity Therapeutic Ultrasound ( HITU ) Transducers and Systems,ultrasonics field characterization specification and measurement of field parameters for high intensity therapeutic ultrasound hitu transducers and systems,DUPLICATE_NORMALIZED_TITLE_RETAINED
MSV1-C0DD9B6AB9480525,IS 6882 (Part 2):2018,Dentistry - Base Polymers Part 2 Orthodontic Base Polymers ( First Revision ),dentistry base polymers part 2 orthodontic base polymers first revision,DUPLICATE_NORMALIZED_TITLE_RETAINED
MSV1-D156C867ACCB1AFC,IS/IEC 61196 (Part 0/Sec 1):2017,Radio Frequency Cables Part 0 Guidelines to the Design of Detail Specifications Section 1 Coaxial cables,radio frequency cables part 0 guidelines to the design of detail specifications section 1 coaxial cables,DUPLICATE_NORMALIZED_TITLE_RETAINED
MSV1-C652D5EC77992C46,IS 18735 (Part 1):2023,Medical Suction Equipment Part 1 Electrically Powered Suction Equipment,medical suction equipment part 1 electrically powered suction equipment,DUPLICATE_NORMALIZED_TITLE_RETAINED
