qco_id,is_number,product,order_name,notification_date,effective_date,mandatory_status,legal_basis,source,source_url,validation_status,last_verified,issuing_ministry_department
QCO-V03-0001,IS 12795:2020,Linear Alkyl Benzene,NOT_AVAILABLE,NOT_AVAILABLE,2026-09-30,UPCOMING_QCO,BIS QCO / government order; authoritative enforcement table,BIS Upcoming QCOs – notified and due for implementation,https://www.bis.gov.in/upcoming-qcos-notified-and-due-for-implementation/?lang=en,SOURCE_DERIVED,2026-09-05,Department of Chemicals and Petrochemicals
QCO-V03-0002,IS 4003 (Part 1):1978,Pipe Wrenches-General Purpose,NOT_AVAILABLE,NOT_AVAILABLE,2026-10-01,UPCOMING_QCO,BIS QCO / government order; authoritative enforcement table,BIS Upcoming QCOs – notified and due for implementation,https://www.bis.gov.in/upcoming-qcos-notified-and-due-for-implementation/?lang=en,SOURCE_DERIVED,2026-09-05,Department for Promotion of Industry and Internal Trade
QCO-V03-0003,IS 4003 (Part 2):1986,Pipe Wrenches Heavy Duty,NOT_AVAILABLE,NOT_AVAILABLE,2026-10-01,UPCOMING_QCO,BIS QCO / government order; authoritative enforcement table,BIS Upcoming QCOs – notified and due for implementation,https://www.bis.gov.in/upcoming-qcos-notified-and-due-for-implementation/?lang=en,SOURCE_DERIVED,2026-09-05,Department for Promotion of Industry and Internal Trade
QCO-V03-0004,IS 2028:2004,Open-Jaw Wrenched(Spanners),NOT_AVAILABLE,NOT_AVAILABLE,2026-10-01,UPCOMING_QCO,BIS QCO / government order; authoritative enforcement table,BIS Upcoming QCOs – notified and due for implementation,https://www.bis.gov.in/upcoming-qcos-notified-and-due-for-implementation/?lang=en,SOURCE_DERIVED,2026-09-05,Department for Promotion of Industry and Internal Trade
QCO-V03-0005,IS 2029:1998,Ring Wrenches(Spanners),NOT_AVAILABLE,NOT_AVAILABLE,2026-10-01,UPCOMING_QCO,BIS QCO / government order; authoritative enforcement table,BIS Upcoming QCOs – notified and due for implementation,https://www.bis.gov.in/upcoming-qcos-notified-and-due-for-implementation/?lang=en,SOURCE_DERIVED,2026-09-05,Department for Promotion of Industry and Internal Trade
QCO-V03-0006,IS 6149:1984,Single-ended Open-jaw Adjustable Wrenches,NOT_AVAILABLE,NOT_AVAILABLE,2026-10-01,UPCOMING_QCO,BIS QCO / government order; authoritative enforcement table,BIS Upcoming QCOs – notified and due for implementation,https://www.bis.gov.in/upcoming-qcos-notified-and-due-for-implementation/?lang=en,SOURCE_DERIVED,2026-09-05,Department for Promotion of Industry and Internal Trade
QCO-V03-0007,IS 4123:1982,Chain Pipe Wrenches,NOT_AVAILABLE,NOT_AVAILABLE,2026-10-01,UPCOMING_QCO,BIS QCO / government order; authoritative enforcement table,BIS Upcoming QCOs – notified and due for implementation,https://www.bis.gov.in/upcoming-qcos-notified-and-due-for-implementation/?lang=en,SOURCE_DERIVED,2026-09-05,Department for Promotion of Industry and Internal Trade
QCO-V03-0008,IS 4508:1992,Open Ended Slugging Wrenches(Spanners),NOT_AVAILABLE,NOT_AVAILABLE,2026-10-01,UPCOMING_QCO,BIS QCO / government order; authoritative enforcement table,BIS Upcoming QCOs – notified and due for implementation,https://www.bis.gov.in/upcoming-qcos-notified-and-due-for-implementation/?lang=en,SOURCE_DERIVED,2026-09-05,Department for Promotion of Industry and Internal Trade
QCO-V03-0009,IS 4509:1992,Ring Slugging Wrenches (Spanners),NOT_AVAILABLE,NOT_AVAILABLE,2026-10-01,UPCOMING_QCO,BIS QCO / government order; authoritative enforcement table,BIS Upcoming QCOs – notified and due for implementation,https://www.bis.gov.in/upcoming-qcos-notified-and-due-for-implementation/?lang=en,SOURCE_DERIVED,2026-09-05,Department for Promotion of Industry and Internal Trade
QCO-V03-0010,IS 3650:1981,Combination Side Cutting Pliers,NOT_AVAILABLE,NOT_AVAILABLE,2026-10-01,UPCOMING_QCO,BIS QCO / government order; authoritative enforcement table,BIS Upcoming QCOs – notified and due for implementation,https://www.bis.gov.in/upcoming-qcos-notified-and-due-for-implementation/?lang=en,SOURCE_DERIVED,2026-09-05,Department for Promotion of Industry and Internal Trade
QCO-V03-0011,IS 1660:2024,Wrought Aluminium Utensils,NOT_AVAILABLE,NOT_AVAILABLE,2026-10-01,UPCOMING_QCO,BIS QCO / government order; authoritative enforcement table,BIS Upcoming QCOs – notified and due for implementation,https://www.bis.gov.in/upcoming-qcos-notified-and-due-for-implementation/?lang=en,SOURCE_DERIVED,2026-09-05,Department for Promotion of Industry and Internal Trade
QCO-V03-0012,IS 14407:2023,Aluminium cans for beverages,NOT_AVAILABLE,NOT_AVAILABLE,2026-10-01,UPCOMING_QCO,BIS QCO / government order; authoritative enforcement table,BIS Upcoming QCOs – notified and due for implementation,https://www.bis.gov.in/upcoming-qcos-notified-and-due-for-implementation/?lang=en,SOURCE_DERIVED,2026-09-05,Department of Chemicals and Petrochemicals
QCO-V03-0013,IS 302 (Part 1):2024,Household/commercial/similar electrical appliances covered by QCO scope,NOT_AVAILABLE,NOT_AVAILABLE,2026-10-01,UPCOMING_QCO,BIS QCO / government order; authoritative enforcement table,BIS Upcoming QCOs – notified and due for implementation,https://www.bis.gov.in/upcoming-qcos-notified-and-due-for-implementation/?lang=en,SOURCE_DERIVED,2026-09-05,Department for Promotion of Industry and Internal Trade
QCO-V03-0014,IS 11652:2017,Textiles — HDPE/PP Woven Sacks for Packaging of 50 kg Cement,NOT_AVAILABLE,NOT_AVAILABLE,2026-10-06,UPCOMING_QCO,BIS QCO / government order; authoritative enforcement table,BIS Upcoming QCOs – notified and due for implementation,https://www.bis.gov.in/upcoming-qcos-notified-and-due-for-implementation/?lang=en,SOURCE_DERIVED,2026-09-05,Department of Chemicals and Petrochemicals
QCO-V03-0015,IS 17399:2020,"Textiles — PP/HDPE Laminated Woven Sacks for Mail Sorting, Storage, Transport and Distribution",NOT_AVAILABLE,NOT_AVAILABLE,2026-10-06,UPCOMING_QCO,BIS QCO / government order; authoritative enforcement table,BIS Upcoming QCOs – notified and due for implementation,https://www.bis.gov.in/upcoming-qcos-notified-and-due-for-implementation/?lang=en,SOURCE_DERIVED,2026-09-05,Department of Chemicals and Petrochemicals
QCO-V03-0016,IS 16709:2017,"Textiles — PP Woven, Laminated, Block Bottom Valve Sacks for Packaging of 50 kg Cement",NOT_AVAILABLE,NOT_AVAILABLE,2026-10-06,UPCOMING_QCO,BIS QCO / government order; authoritative enforcement table,BIS Upcoming QCOs – notified and due for implementation,https://www.bis.gov.in/upcoming-qcos-notified-and-due-for-implementation/?lang=en,SOURCE_DERIVED,2026-09-05,Department of Chemicals and Petrochemicals
QCO-V03-0017,IS 733:1983,"Wrought aluminium and aluminium alloy bars, rods and sections (For General Engineering Purposes)",NOT_AVAILABLE,NOT_AVAILABLE,2026-12-01,UPCOMING_QCO,BIS QCO / government order; authoritative enforcement table,BIS Upcoming QCOs – notified and due for implementation,https://www.bis.gov.in/upcoming-qcos-notified-and-due-for-implementation/?lang=en,SOURCE_DERIVED,2026-09-05,Department for Promotion of Industry and Internal Trade
QCO-V03-0018,IS 734:1975,"Wrought aluminium and aluminium alloys, forging stock and forgings for general engineering purposes",NOT_AVAILABLE,NOT_AVAILABLE,2026-12-01,UPCOMING_QCO,BIS QCO / government order; authoritative enforcement table,BIS Upcoming QCOs – notified and due for implementation,https://www.bis.gov.in/upcoming-qcos-notified-and-due-for-implementation/?lang=en,SOURCE_DERIVED,2026-09-05,Department for Promotion of Industry and Internal Trade
QCO-V03-0019,IS 736:1986,Wrought aluminium and aluminium alloy plate for general engineering purposes,NOT_AVAILABLE,NOT_AVAILABLE,2026-12-01,UPCOMING_QCO,BIS QCO / government order; authoritative enforcement table,BIS Upcoming QCOs – notified and due for implementation,https://www.bis.gov.in/upcoming-qcos-notified-and-due-for-implementation/?lang=en,SOURCE_DERIVED,2026-09-05,Department for Promotion of Industry and Internal Trade
QCO-V03-0020,IS 737:2008,Wrought aluminium and aluminium alloy sheet and strip for general engineering purposes,NOT_AVAILABLE,NOT_AVAILABLE,2026-12-01,UPCOMING_QCO,BIS QCO / government order; authoritative enforcement table,BIS Upcoming QCOs – notified and due for implementation,https://www.bis.gov.in/upcoming-qcos-notified-and-due-for-implementation/?lang=en,SOURCE_DERIVED,2026-09-05,Department for Promotion of Industry and Internal Trade
QCO-V03-0021,IS 739:1992,Wrought aluminium and aluminium alloy wire for general engineering purposes,NOT_AVAILABLE,NOT_AVAILABLE,2026-12-01,UPCOMING_QCO,BIS QCO / government order; authoritative enforcement table,BIS Upcoming QCOs – notified and due for implementation,https://www.bis.gov.in/upcoming-qcos-notified-and-due-for-implementation/?lang=en,SOURCE_DERIVED,2026-09-05,Department for Promotion of Industry and Internal Trade
QCO-V03-0022,IS 740:1977,Wrought aluminium and aluminium alloy rivet stock for general engineering purposes,NOT_AVAILABLE,NOT_AVAILABLE,2026-12-01,UPCOMING_QCO,BIS QCO / government order; authoritative enforcement table,BIS Upcoming QCOs – notified and due for implementation,https://www.bis.gov.in/upcoming-qcos-notified-and-due-for-implementation/?lang=en,SOURCE_DERIVED,2026-09-05,Department for Promotion of Industry and Internal Trade
QCO-V03-0023,IS 1285:2002,Wrought aluminium and aluminium alloys — Extruded round tube and hollow section for general engineering purposes,NOT_AVAILABLE,NOT_AVAILABLE,2026-12-01,UPCOMING_QCO,BIS QCO / government order; authoritative enforcement table,BIS Upcoming QCOs – notified and due for implementation,https://www.bis.gov.in/upcoming-qcos-notified-and-due-for-implementation/?lang=en,SOURCE_DERIVED,2026-09-05,Department for Promotion of Industry and Internal Trade
QCO-V03-0024,IS 2067:1975,Wrought Aluminium Wire for Electrical Purposes,NOT_AVAILABLE,NOT_AVAILABLE,2026-12-01,UPCOMING_QCO,BIS QCO / government order; authoritative enforcement table,BIS Upcoming QCOs – notified and due for implementation,https://www.bis.gov.in/upcoming-qcos-notified-and-due-for-implementation/?lang=en,SOURCE_DERIVED,2026-09-05,Department for Promotion of Industry and Internal Trade
QCO-V03-0025,IS 21:1992,Wrought aluminium and aluminium alloys for manufacture of utensils,NOT_AVAILABLE,NOT_AVAILABLE,2026-12-01,UPCOMING_QCO,BIS QCO / government order; authoritative enforcement table,BIS Upcoming QCOs – notified and due for implementation,https://www.bis.gov.in/upcoming-qcos-notified-and-due-for-implementation/?lang=en,SOURCE_DERIVED,2026-09-05,Department for Promotion of Industry and Internal Trade
QCO-V03-0026,IS 5082:1998,"Wrought aluminium and aluminium alloy bars, rods, tubes, sections, plates and sheets for electrical applications",NOT_AVAILABLE,NOT_AVAILABLE,2026-12-01,UPCOMING_QCO,BIS QCO / government order; authoritative enforcement table,BIS Upcoming QCOs – notified and due for implementation,https://www.bis.gov.in/upcoming-qcos-notified-and-due-for-implementation/?lang=en,SOURCE_DERIVED,2026-09-05,Department for Promotion of Industry and Internal Trade
QCO-V03-0027,IS 18112:2022,Digital Television Receiver for Satellite Broadcast Transmission,NOT_AVAILABLE,NOT_AVAILABLE,2027-01-26,UPCOMING_QCO,BIS QCO / government order; authoritative enforcement table,BIS Upcoming QCOs – notified and due for implementation,https://www.bis.gov.in/upcoming-qcos-notified-and-due-for-implementation/?lang=en,SOURCE_DERIVED,2026-09-05,Ministry of Electronics and Information Technology
QCO-V03-0028,IS 5175:2022,Fibre Ropes — Polypropylene split film/monofilament/multifilament and high-tenacity multifilament ropes,NOT_AVAILABLE,NOT_AVAILABLE,2027-06-05,UPCOMING_QCO,BIS QCO / government order; authoritative enforcement table,BIS Upcoming QCOs – notified and due for implementation,https://www.bis.gov.in/upcoming-qcos-notified-and-due-for-implementation/?lang=en,SOURCE_DERIVED,2026-09-05,Ministry of Textiles
